<?xml version="1.0" encoding="UTF-8" ?>
<!DOCTYPE mapper PUBLIC "-//mybatis.org//DTD Mapper 3.0//EN"
        "https://mybatis.org/dtd/mybatis-3-mapper.dtd">
<mapper namespace="com.green.todo.comment.CommentMapper">

    <insert id="insComment" keyProperty="commentId" useGeneratedKeys="true">
        INSERT INTO comment
        SET board_id = #{boardId}
            , user_id = #{signedUserId}
            , content = #{content}
    </insert>

    <select id="getCommentList">
        SELECT A.user_id AS userId, B.name AS userName, A.comment_id AS commentId, A.content, A.created_at AS createdAt, A.updated_at AS updatedAt
        FROM comment A
        JOIN user B
        ON A.user_id = B.user_id
        WHERE board_id = #{boardId}
        ORDER BY comment_id
    </select>

    <select id="getCommentOne">
        SELECT user_id AS userId, content, created_at AS createdAt, updated_at AS updatedAt
        FROM comment
        WHERE comment_id = #{commentId}
    </select>

    <update id="updateComment">
        UPDATE comment
        SET content = #{content}
        WHERE comment_id = #{commentId}
            AND user_id = #{signedUserId}
    </update>

    <delete id="deleteComment">
        DELETE FROM comment
        WHERE comment_id = #{commentId}
            AND user_id = #{signedUserId}
    </delete>

</mapper>